{
  "assumption": "Treat MTJ random jumps as a hardware annealing resource and enhance the baseline profile with multistate recognition plus multi-dimensional p-bit-guided updates.",
  "problem": {
    "type": "18-spin Ising minimization",
    "exact_optimum_energy": -58.0,
    "runs_per_dataset": 40
  },
  "dataset_quality": {
    "good": {
      "samples": 1000,
      "early_std": 0.006612514204938631,
      "late_std": 0.0020413449101232967,
      "std_drop_ratio": 3.239292962647818,
      "early_mean_abs_jump": 0.0025422868868672697,
      "late_mean_abs_jump": 0.0008418615383795507,
      "jump_drop_ratio": 3.019839686156618,
      "cooling_monotone_ratio": 1.0,
      "temperature_start": 2.1216001055628486,
      "temperature_end": 0.09901058801559508,
      "temperature_area": 850.154195150438,
      "random_entropy_bits_16bins": 3.9999857511131798,
      "jump_intensity_mean": 0.0018742272687495261,
      "jump_intensity_std": 0.0013694787553771408,
      "ai_mean": -0.06698345617204905,
      "n_states": 8,
      "pbit_dims": 3,
      "state_entropy_bits": 2.666807674750939,
      "state_counts": [
        36,
        75,
        270,
        73,
        257,
        165,
        53,
        71
      ],
      "mean_abs_pbit_bias": 0.5910035842293907,
      "av_mean": -2.0
    },
    "bad": {
      "samples": 4096,
      "early_std": 0.010576336537827554,
      "late_std": 0.0021619970427818437,
      "std_drop_ratio": 4.89192923193227,
      "early_mean_abs_jump": 0.0012115933528836754,
      "late_mean_abs_jump": 0.00015968719452590408,
      "jump_drop_ratio": 7.587291823201526,
      "cooling_monotone_ratio": 1.0,
      "temperature_start": 2.140808847640469,
      "temperature_end": 0.026907243177670303,
      "temperature_area": 658.2835152120568,
      "random_entropy_bits_16bins": 3.9999857511131798,
      "jump_intensity_mean": 0.0005553071229827667,
      "jump_intensity_std": 0.0007209494326178493,
      "ai_mean": -0.056662729492187494,
      "n_states": 8,
      "pbit_dims": 3,
      "state_entropy_bits": 2.4762662147569774,
      "state_counts": [
        152,
        135,
        225,
        151,
        562,
        343,
        1100,
        1428
      ],
      "mean_abs_pbit_bias": 0.6147865563957073,
      "av_mean": -2.3
    }
  },
  "optimization_performance": {
    "good": {
      "runs": 40,
      "mean_best_energy": -56.55,
      "std_best_energy": 2.3659036328641956,
      "best_energy_seen": -58.0,
      "mean_energy_gap": 1.45,
      "median_energy_gap": 0.0,
      "max_energy_gap": 8.0,
      "optimum_hit_rate": 0.575,
      "mean_acceptance_rate": 0.04033333333333333,
      "mean_early_acceptance": 0.08048611111111112,
      "mean_late_acceptance": 0.005277777777777778
    },
    "bad": {
      "runs": 40,
      "mean_best_energy": -55.85,
      "std_best_energy": 3.0458988821036064,
      "best_energy_seen": -58.0,
      "mean_energy_gap": 2.15,
      "median_energy_gap": 0.0,
      "max_energy_gap": 8.0,
      "optimum_hit_rate": 0.525,
      "mean_acceptance_rate": 0.026569444444444444,
      "mean_early_acceptance": 0.06486111111111112,
      "mean_late_acceptance": 0.00972222222222222
    }
  },
  "overall_ranking": [
    "good",
    "bad"
  ]
}