{
  "assumption": "Generalize the physical two-state hazard route to a K-state latent-state model: select K by amplitude-model BIC, segment with a sticky Gaussian HMM, extract dwell times, build a KxK transition matrix, and evaluate state stability across an external axis.",
  "problem": {
    "type": "18-spin Ising minimization",
    "exact_optimum_energy": -58.0,
    "runs_per_dataset": 40
  },
  "kstate_model_summary": {
    "good": {
      "selected_k": 4,
      "pbit_dims": 2,
      "state_entropy_bits": 1.664896259544984,
      "state_counts": [
        66,
        352,
        465,
        117
      ],
      "state_means": [
        -0.0796505164242152,
        -0.07048331918618218,
        -0.06457453309207835,
        -0.0588823576640879
      ],
      "state_std": [
        0.004950196215418451,
        0.0020039337236281646,
        0.002036848017799923,
        0.002526106799570195
      ],
      "sample_transition_count": 77,
      "dwell_models": [
        {
          "state": 0,
          "count": 32,
          "mean_duration": 0.25886309146884917,
          "rate": 3.8630458839294866,
          "cv": 1.1558975995702354
        },
        {
          "state": 1,
          "count": 11,
          "mean_duration": 4.0162658691406286,
          "rate": 0.24898750047490575,
          "cv": 2.0623257230929894
        },
        {
          "state": 2,
          "count": 32,
          "mean_duration": 1.8237865567207217,
          "rate": 0.5483097768842317,
          "cv": 1.1166802197057795
        },
        {
          "state": 3,
          "count": 3,
          "mean_duration": 4.894885636866108,
          "rate": 0.2042948649235936,
          "cv": 0.4869622247623582
        }
      ],
      "transition_matrix": [
        [
          0.027777777777777776,
          0.2777777777777778,
          0.6666666666666666,
          0.027777777777777776
        ],
        [
          0.14285714285714285,
          0.07142857142857142,
          0.7142857142857143,
          0.07142857142857142
        ],
        [
          0.8055555555555556,
          0.08333333333333333,
          0.027777777777777776,
          0.08333333333333333
        ],
        [
          0.5714285714285714,
          0.14285714285714285,
          0.14285714285714285,
          0.14285714285714285
        ]
      ],
      "mean_exit_rate": 1.2161595065530544,
      "stability": {
        "axis_source": "time_window_proxy",
        "n_bins": 5,
        "stable_state_fraction": 0.5,
        "state_summary": [
          {
            "state": 0,
            "stable_presence_fraction": 0.0,
            "local_mean_drift": 0.0026084241252533336,
            "tolerance": 0.007425294323127676,
            "stable_under_axis": false
          },
          {
            "state": 1,
            "stable_presence_fraction": 0.6,
            "local_mean_drift": 0.0010918296696045843,
            "tolerance": 0.003005900585442247,
            "stable_under_axis": true
          },
          {
            "state": 2,
            "stable_presence_fraction": 0.8,
            "local_mean_drift": 0.0007968348485727742,
            "tolerance": 0.0030552720266998844,
            "stable_under_axis": true
          },
          {
            "state": 3,
            "stable_presence_fraction": 0.2,
            "local_mean_drift": 0.0012304049662568359,
            "tolerance": 0.0037891601993552924,
            "stable_under_axis": false
          }
        ]
      }
    },
    "bad": {
      "selected_k": 6,
      "pbit_dims": 3,
      "state_entropy_bits": 2.396211270266767,
      "state_counts": [
        170,
        384,
        790,
        1081,
        1025,
        646
      ],
      "state_means": [
        -0.08304741176470588,
        -0.06464044270833333,
        -0.058045759493670884,
        -0.05506793709528215,
        -0.0531666243902439,
        -0.051501811145510834
      ],
      "state_std": [
        0.002064941618853511,
        0.005375126748684723,
        0.0010511770944654651,
        0.0007042786507304008,
        0.0004536504729417108,
        0.0007918125745329328
      ],
      "sample_transition_count": 135,
      "dwell_models": [
        {
          "state": 0,
          "count": 9,
          "mean_duration": 2.370777777777778,
          "rate": 0.42180250269484926,
          "cv": 0.8919882065556869
        },
        {
          "state": 1,
          "count": 30,
          "mean_duration": 1.6060043333333345,
          "rate": 0.6226633261471063,
          "cv": 1.1077456981660438
        },
        {
          "state": 2,
          "count": 27,
          "mean_duration": 3.6725925925925895,
          "rate": 0.27228721258572025,
          "cv": 1.3748111359842778
        },
        {
          "state": 3,
          "count": 36,
          "mean_duration": 3.7700000000000022,
          "rate": 0.2652519893899203,
          "cv": 1.135301772102297
        },
        {
          "state": 4,
          "count": 22,
          "mean_duration": 5.845590909090912,
          "rate": 0.171069104142205,
          "cv": 0.8535115142817981
        },
        {
          "state": 5,
          "count": 12,
          "mean_duration": 6.757999999999989,
          "rate": 0.14797277300976644,
          "cv": 0.8151292648264465
        }
      ],
      "transition_matrix": [
        [
          0.06666666666666667,
          0.6666666666666666,
          0.06666666666666667,
          0.06666666666666667,
          0.06666666666666667,
          0.06666666666666667
        ],
        [
          0.25,
          0.027777777777777776,
          0.5555555555555556,
          0.1111111111111111,
          0.027777777777777776,
          0.027777777777777776
        ],
        [
          0.06060606060606061,
          0.24242424242424243,
          0.030303030303030304,
          0.6060606060606061,
          0.030303030303030304,
          0.030303030303030304
        ],
        [
          0.023809523809523808,
          0.2619047619047619,
          0.16666666666666666,
          0.023809523809523808,
          0.5,
          0.023809523809523808
        ],
        [
          0.03571428571428571,
          0.03571428571428571,
          0.07142857142857142,
          0.35714285714285715,
          0.03571428571428571,
          0.4642857142857143
        ],
        [
          0.058823529411764705,
          0.23529411764705882,
          0.11764705882352941,
          0.35294117647058826,
          0.17647058823529413,
          0.058823529411764705
        ]
      ],
      "mean_exit_rate": 0.31684115132826124,
      "stability": {
        "axis_source": "time_window_proxy",
        "n_bins": 5,
        "stable_state_fraction": 0.6666666666666666,
        "state_summary": [
          {
            "state": 0,
            "stable_presence_fraction": 0.2,
            "local_mean_drift": 0.0,
            "tolerance": 0.003097412428280266,
            "stable_under_axis": false
          },
          {
            "state": 1,
            "stable_presence_fraction": 0.2,
            "local_mean_drift": 0.002178577757573263,
            "tolerance": 0.008062690123027084,
            "stable_under_axis": false
          },
          {
            "state": 2,
            "stable_presence_fraction": 0.8,
            "local_mean_drift": 0.00030866432400110155,
            "tolerance": 0.0015767656416981976,
            "stable_under_axis": true
          },
          {
            "state": 3,
            "stable_presence_fraction": 1.0,
            "local_mean_drift": 0.0003011424473065739,
            "tolerance": 0.001056417976095601,
            "stable_under_axis": true
          },
          {
            "state": 4,
            "stable_presence_fraction": 0.8,
            "local_mean_drift": 0.00023896825760727746,
            "tolerance": 0.0006804757094125662,
            "stable_under_axis": true
          },
          {
            "state": 5,